user_id,entitlement_id,granted_on,source
U0000,E0151,2025-07-24,request
U0000,E0186,2025-06-29,exception
U0000,E0194,2025-04-02,request
U0000,E0523,2025-04-01,request
U0000,E0528,2025-05-22,request
U0000,E0671,2025-04-28,provisioning
U0000,E0566,2025-07-12,provisioning
U0002,E0696,2025-04-29,request
U0002,E0628,2025-05-22,provisioning
U0003,E0278,2025-05-26,request
U0003,E0641,2025-05-08,request
U0003,E0623,2025-04-01,request
U0003,E0613,2025-04-01,request
U0003,E0593,2025-05-28,provisioning
U0003,E0720,2025-06-28,request
U0003,E0616,2025-06-25,request
U0004,E0654,2025-06-25,request
U0004,E0064,2025-07-15,provisioning
U0004,E0601,2025-06-12,request
U0004,E0222,2025-04-13,request
U0005,E0376,2025-04-03,provisioning
U0005,E0066,2025-06-05,request
U0005,E0105,2025-07-12,request
U0006,E0208,2025-07-20,request
U0006,E0211,2025-07-05,request
U0007,E0266,2025-07-28,provisioning
U0007,E0622,2025-05-15,request
U0008,E0400,2025-07-20,request
U0008,E0669,2025-04-21,provisioning
U0008,E0088,2025-07-18,provisioning
U0009,E0538,2025-05-23,request
U0010,E0554,2025-04-17,provisioning
U0010,E0504,2025-05-24,provisioning
U0010,E0726,2025-07-06,request
U0010,E0035,2025-04-09,provisioning
U0011,E0480,2025-05-01,request
U0011,E0118,2025-06-30,request
U0011,E0337,2025-06-03,provisioning
U0011,E0070,2025-04-08,provisioning
U0011,E0241,2025-04-24,provisioning
U0011,E0584,2025-06-16,exception
U0012,E0426,2025-04-26,request
U0013,E0576,2025-06-29,request
U0014,E0170,2025-04-07,request
U0014,E0386,2025-05-24,request
U0014,E0654,2025-07-13,request
U0014,E0433,2025-04-23,request
U0014,E0599,2025-04-10,request
U0014,E0061,2025-07-19,provisioning
U0015,E0162,2025-05-12,request
U0015,E0418,2025-07-22,provisioning
U0015,E0169,2025-06-16,request
U0016,E0589,2025-05-06,request
U0016,E0744,2025-04-05,request
U0016,E0417,2025-06-04,provisioning
U0016,E0377,2025-05-13,provisioning
U0016,E0186,2025-05-21,provisioning
U0016,E0604,2025-06-23,request
U0016,E0559,2025-06-15,request
U0017,E0493,2025-04-28,request
U0017,E0704,2025-05-11,provisioning
U0017,E0578,2025-05-24,request
U0017,E0438,2025-04-19,exception
U0017,E0603,2025-04-08,request
U0017,E0611,2025-07-04,request
U0017,E0594,2025-05-15,provisioning
U0017,E0525,2025-04-05,request
U0017,E0348,2025-06-17,exception
U0017,E0210,2025-06-02,exception
U0018,E0383,2025-05-15,request
U0018,E0269,2025-05-01,request
U0018,E0306,2025-06-21,request
U0018,E0665,2025-04-24,provisioning
U0018,E0667,2025-05-30,request
U0019,E0141,2025-04-22,request
U0019,E0275,2025-06-08,request
U0019,E0526,2025-06-17,request
U0020,E0679,2025-07-19,provisioning
U0021,E0734,2025-04-03,request
U0021,E0745,2025-06-17,provisioning
U0021,E0446,2025-04-28,request
U0022,E0415,2025-05-18,request
U0023,E0735,2025-06-15,request
U0023,E0726,2025-04-23,provisioning
U0023,E0237,2025-07-01,exception
U0023,E0276,2025-06-08,request
U0023,E0057,2025-05-18,request
U0023,E0273,2025-07-21,request
U0024,E0696,2025-05-20,exception
U0025,E0245,2025-04-16,request
U0025,E0445,2025-04-07,provisioning
U0025,E0590,2025-04-05,provisioning
U0025,E0127,2025-06-27,request
U0026,E0729,2025-07-29,request
U0026,E0049,2025-05-16,request
U0026,E0606,2025-04-14,request
U0026,E0455,2025-05-02,request
U0026,E0429,2025-05-15,provisioning
U0026,E0554,2025-06-29,request
U0026,E0460,2025-05-11,request
U0027,E0655,2025-06-23,provisioning
U0027,E0124,2025-07-11,request
U0027,E0587,2025-04-06,request
U0028,E0021,2025-04-14,request
U0028,E0207,2025-05-06,request
U0028,E0114,2025-05-08,request
U0028,E0673,2025-07-18,provisioning
U0029,E0435,2025-07-12,request
U0029,E0367,2025-05-27,request
U0029,E0464,2025-05-12,request
U0029,E0221,2025-07-22,provisioning
U0029,E0310,2025-05-12,request
U0030,E0647,2025-04-09,provisioning
U0030,E0194,2025-06-02,request
U0030,E0413,2025-06-01,provisioning
U0030,E0385,2025-07-28,request
U0030,E0482,2025-07-03,request
U0031,E0682,2025-05-03,provisioning
U0031,E0432,2025-07-14,exception
U0031,E0624,2025-07-19,provisioning
U0031,E0044,2025-07-09,provisioning
U0032,E0715,2025-04-13,request
U0032,E0041,2025-04-19,request
U0032,E0296,2025-05-15,request
U0032,E0334,2025-06-30,request
U0032,E0157,2025-06-25,provisioning
U0032,E0557,2025-04-16,exception
U0033,E0654,2025-06-05,request
U0033,E0085,2025-04-25,request
U0033,E0311,2025-04-24,provisioning
U0033,E0094,2025-07-12,request
U0033,E0228,2025-07-01,request
U0033,E0038,2025-05-24,exception
U0034,E0016,2025-07-12,provisioning
U0034,E0691,2025-04-30,request
U0035,E0553,2025-04-02,request
U0035,E0199,2025-04-23,request
U0035,E0090,2025-04-14,request
U0036,E0166,2025-06-03,request
U0036,E0662,2025-04-03,request
U0036,E0086,2025-06-16,provisioning
U0036,E0374,2025-04-19,provisioning
U0036,E0659,2025-07-24,provisioning
U0036,E0734,2025-06-14,request
U0037,E0239,2025-07-28,request
U0037,E0580,2025-07-03,request
U0037,E0482,2025-05-07,request
U0037,E0732,2025-07-18,provisioning
U0037,E0208,2025-06-28,request
U0038,E0372,2025-07-23,request
U0039,E0377,2025-05-27,provisioning
U0040,E0515,2025-06-11,request
U0040,E0149,2025-07-11,request
U0040,E0098,2025-04-07,request
U0040,E0153,2025-07-26,request
U0040,E0219,2025-07-14,provisioning
U0040,E0682,2025-05-14,request
U0040,E0221,2025-04-06,request
U0041,E0294,2025-07-19,provisioning
U0041,E0637,2025-04-28,request
U0041,E0049,2025-07-26,request
U0042,E0020,2025-05-21,provisioning
U0042,E0354,2025-04-08,request
U0042,E0364,2025-05-26,request
U0042,E0735,2025-06-24,exception
U0042,E0552,2025-07-20,provisioning
U0043,E0335,2025-07-26,exception
U0043,E0207,2025-04-03,request
U0043,E0429,2025-07-02,provisioning
U0043,E0114,2025-07-13,request
U0044,E0068,2025-07-03,provisioning
U0044,E0673,2025-06-12,request
U0044,E0128,2025-04-25,provisioning
U0044,E0631,2025-07-06,request
U0044,E0562,2025-06-04,exception
U0044,E0135,2025-04-08,request
U0045,E0009,2025-04-01,request
U0045,E0142,2025-04-02,request
U0045,E0362,2025-06-23,request
U0045,E0408,2025-04-03,request
U0046,E0630,2025-04-17,request
U0046,E0242,2025-05-16,request
U0046,E0217,2025-07-09,provisioning
U0046,E0314,2025-05-06,request
U0046,E0513,2025-07-26,provisioning
U0046,E0351,2025-05-12,request
U0046,E0203,2025-04-13,request
U0047,E0749,2025-07-12,request
U0047,E0124,2025-07-24,request
U0047,E0104,2025-04-27,request
U0048,E0572,2025-06-20,provisioning
U0048,E0081,2025-05-26,request
U0048,E0440,2025-07-20,provisioning
U0048,E0722,2025-07-14,request
U0048,E0050,2025-05-11,provisioning
U0048,E0721,2025-04-20,request
U0048,E0664,2025-04-30,request
U0049,E0261,2025-06-30,request
U0049,E0534,2025-07-19,provisioning
U0049,E0377,2025-05-08,provisioning
U0049,E0133,2025-05-24,request
U0049,E0192,2025-06-21,request
U0049,E0643,2025-06-22,provisioning
U0049,E0527,2025-07-16,provisioning
U0049,E0321,2025-04-27,request
U0049,E0447,2025-07-09,provisioning
U0049,E0623,2025-04-27,request
U0050,E0267,2025-04-21,request
U0050,E0330,2025-04-11,provisioning
U0050,E0660,2025-06-06,request
U0050,E0493,2025-04-17,request
U0051,E0353,2025-07-23,request
U0051,E0491,2025-04-07,request
U0052,E0291,2025-04-22,request
U0052,E0406,2025-05-09,request
U0052,E0212,2025-07-07,request
U0052,E0135,2025-06-20,request
U0052,E0044,2025-04-03,request
U0052,E0340,2025-07-20,request
U0053,E0522,2025-05-11,request
U0053,E0226,2025-06-06,request
U0053,E0203,2025-05-21,request
U0053,E0099,2025-07-01,request
U0053,E0683,2025-06-18,provisioning
U0054,E0003,2025-05-28,request
U0054,E0046,2025-05-28,exception
U0055,E0381,2025-04-18,request
U0055,E0138,2025-05-28,provisioning
U0055,E0213,2025-07-26,request
U0056,E0220,2025-06-24,request
U0056,E0449,2025-05-06,provisioning
U0056,E0265,2025-05-28,request
U0056,E0704,2025-07-11,request
U0056,E0480,2025-07-18,request
U0056,E0548,2025-05-31,request
U0057,E0668,2025-04-06,provisioning
U0058,E0158,2025-06-10,request
U0058,E0046,2025-05-20,provisioning
U0058,E0402,2025-06-25,provisioning
U0058,E0278,2025-05-29,exception
U0058,E0447,2025-04-02,request
U0059,E0615,2025-05-08,request
U0060,E0695,2025-04-27,request
U0060,E0216,2025-07-09,request
U0060,E0082,2025-04-24,provisioning
U0060,E0720,2025-07-20,provisioning
U0061,E0322,2025-04-29,provisioning
U0061,E0282,2025-04-15,provisioning
U0061,E0653,2025-04-15,request
U0061,E0606,2025-04-01,request
U0062,E0707,2025-04-20,request
U0062,E0608,2025-07-17,request
U0062,E0024,2025-04-05,provisioning
U0062,E0589,2025-04-30,request
U0062,E0199,2025-04-19,request
U0063,E0045,2025-05-20,request
U0063,E0674,2025-05-11,request
U0063,E0106,2025-04-02,request
U0063,E0732,2025-06-01,request
U0063,E0156,2025-07-26,request
U0063,E0468,2025-06-03,request
U0063,E0097,2025-05-21,provisioning
U0064,E0693,2025-04-07,provisioning
U0064,E0019,2025-05-16,request
U0065,E0093,2025-05-11,request
U0065,E0219,2025-07-11,request
U0065,E0099,2025-07-26,provisioning
U0065,E0124,2025-05-23,request
U0065,E0452,2025-07-18,request
U0065,E0334,2025-07-09,request
U0066,E0292,2025-05-25,provisioning
U0066,E0399,2025-05-27,request
U0066,E0099,2025-07-06,request
U0066,E0716,2025-04-13,request
U0066,E0573,2025-06-12,exception
U0066,E0217,2025-06-08,provisioning
U0066,E0076,2025-05-10,provisioning
U0066,E0139,2025-05-09,provisioning
U0067,E0612,2025-06-15,request
U0067,E0019,2025-04-05,request
U0067,E0392,2025-05-12,provisioning
U0068,E0206,2025-06-07,request
U0068,E0096,2025-07-23,exception
U0068,E0174,2025-06-23,request
U0069,E0507,2025-06-25,provisioning
U0069,E0181,2025-07-11,exception
U0069,E0132,2025-07-21,provisioning
U0069,E0683,2025-05-07,provisioning
U0069,E0723,2025-07-27,provisioning
U0069,E0139,2025-05-08,exception
U0069,E0437,2025-04-26,provisioning
U0069,E0014,2025-07-13,provisioning
U0069,E0639,2025-04-27,request
U0070,E0190,2025-06-29,request
U0070,E0439,2025-05-03,request
U0070,E0689,2025-05-02,exception
U0070,E0484,2025-05-25,request
U0071,E0148,2025-04-27,provisioning
U0071,E0632,2025-07-07,provisioning
U0071,E0486,2025-04-02,provisioning
U0071,E0027,2025-07-09,request
U0071,E0445,2025-07-04,request
U0071,E0577,2025-04-19,request
U0072,E0068,2025-05-14,provisioning
U0072,E0342,2025-06-19,request
U0072,E0033,2025-06-29,request
U0072,E0715,2025-07-09,request
U0073,E0264,2025-05-15,request
U0073,E0174,2025-06-15,request
U0074,E0188,2025-07-03,provisioning
U0075,E0612,2025-06-08,request
U0075,E0713,2025-04-16,request
U0075,E0462,2025-07-15,request
U0076,E0568,2025-07-19,provisioning
U0076,E0441,2025-04-27,request
U0076,E0001,2025-05-28,request
U0076,E0117,2025-07-16,request
U0076,E0477,2025-04-21,request
U0076,E0449,2025-06-29,provisioning
U0076,E0614,2025-07-23,provisioning
U0077,E0297,2025-06-12,request
U0077,E0259,2025-04-07,request
U0077,E0583,2025-05-07,request
U0077,E0524,2025-06-02,request
U0077,E0134,2025-05-13,request
U0079,E0382,2025-04-08,provisioning
U0079,E0128,2025-04-22,provisioning
U0079,E0029,2025-06-12,request
U0079,E0083,2025-04-27,request
U0079,E0381,2025-04-30,request
U0079,E0513,2025-06-04,provisioning
U0079,E0236,2025-05-07,provisioning
U0080,E0071,2025-07-18,request
U0080,E0439,2025-04-02,request
U0080,E0338,2025-05-17,request
U0080,E0740,2025-04-22,request
U0080,E0014,2025-05-13,exception
U0081,E0384,2025-06-28,request
U0081,E0311,2025-06-25,exception
U0081,E0730,2025-07-05,request
U0082,E0564,2025-07-19,request
U0082,E0341,2025-06-18,request
U0082,E0702,2025-06-18,exception
U0082,E0372,2025-06-29,request
U0083,E0714,2025-06-14,request
U0083,E0202,2025-07-04,request
U0083,E0227,2025-04-24,request
U0083,E0460,2025-06-22,provisioning
U0083,E0403,2025-07-12,provisioning
U0084,E0691,2025-06-13,request
U0084,E0551,2025-06-22,request
U0084,E0562,2025-06-27,provisioning
U0085,E0014,2025-06-08,request
U0085,E0441,2025-05-31,request
U0086,E0735,2025-06-21,request
U0086,E0747,2025-04-28,request
U0087,E0603,2025-07-02,request
U0087,E0184,2025-06-19,request
U0087,E0372,2025-04-11,request
U0087,E0231,2025-05-06,request
U0087,E0230,2025-07-06,provisioning
U0087,E0229,2025-06-22,request
U0088,E0400,2025-07-02,request
U0088,E0051,2025-06-09,request
U0088,E0043,2025-05-21,provisioning
U0088,E0687,2025-05-04,request
U0089,E0360,2025-04-23,provisioning
U0089,E0102,2025-05-20,request
U0089,E0087,2025-04-12,request
U0090,E0391,2025-07-11,request
U0090,E0125,2025-04-06,request
U0090,E0100,2025-06-08,request
U0090,E0388,2025-05-13,provisioning
U0090,E0550,2025-06-18,request
U0090,E0286,2025-06-22,request
U0091,E0716,2025-04-04,provisioning
U0091,E0066,2025-04-22,request
U0091,E0572,2025-07-22,request
U0092,E0405,2025-06-08,request
U0093,E0321,2025-05-09,request
U0093,E0276,2025-04-27,request
U0093,E0596,2025-04-05,request
U0093,E0528,2025-07-07,provisioning
U0093,E0023,2025-07-02,provisioning
U0093,E0704,2025-06-15,request
U0093,E0022,2025-06-25,request
U0094,E0009,2025-06-23,provisioning
U0094,E0607,2025-07-28,request
U0095,E0665,2025-07-22,request
U0095,E0651,2025-04-28,request
U0096,E0054,2025-05-29,provisioning
U0096,E0323,2025-04-07,request
U0096,E0332,2025-04-09,request
U0096,E0117,2025-04-15,request
U0096,E0398,2025-04-10,request
U0097,E0648,2025-07-03,request
U0097,E0147,2025-06-24,provisioning
U0097,E0449,2025-05-27,provisioning
U0098,E0179,2025-05-02,provisioning
U0098,E0420,2025-05-02,request
U0098,E0384,2025-06-02,request
U0098,E0345,2025-04-08,request
U0099,E0654,2025-07-25,request
U0099,E0492,2025-04-07,request
U0099,E0468,2025-05-22,provisioning
U0099,E0309,2025-07-27,request
U0099,E0429,2025-05-06,request
U0099,E0634,2025-06-18,request
U0100,E0299,2025-07-21,request
U0101,E0482,2025-06-30,request
U0101,E0096,2025-04-22,request
U0101,E0586,2025-07-06,request
U0101,E0355,2025-06-09,request
U0101,E0484,2025-05-31,request
U0102,E0180,2025-07-20,provisioning
U0102,E0029,2025-07-19,request
U0102,E0093,2025-05-30,provisioning
U0102,E0369,2025-07-17,request
U0102,E0370,2025-04-07,request
U0103,E0726,2025-04-11,request
U0103,E0221,2025-04-09,request
U0103,E0040,2025-06-09,request
U0104,E0362,2025-04-15,exception
U0104,E0021,2025-05-17,request
U0104,E0416,2025-05-04,request
U0104,E0456,2025-07-17,provisioning
U0104,E0439,2025-06-06,request
U0104,E0359,2025-05-01,request
U0105,E0485,2025-06-11,request
U0105,E0735,2025-06-13,request
U0106,E0557,2025-07-21,request
U0106,E0169,2025-07-07,provisioning
U0106,E0582,2025-06-29,request
U0106,E0049,2025-05-25,request
U0106,E0658,2025-04-09,provisioning
U0107,E0323,2025-06-18,request
U0107,E0673,2025-04-28,provisioning
U0107,E0310,2025-06-26,exception
U0108,E0306,2025-04-08,provisioning
U0108,E0039,2025-06-29,provisioning
U0108,E0180,2025-07-21,request
U0108,E0336,2025-06-08,request
U0109,E0177,2025-04-23,provisioning
U0109,E0634,2025-06-24,request
U0110,E0311,2025-05-05,request
U0110,E0412,2025-07-12,request
U0110,E0080,2025-06-11,request
U0110,E0081,2025-07-14,request
U0112,E0558,2025-06-24,request
U0112,E0400,2025-05-25,request
U0112,E0193,2025-06-28,request
U0112,E0506,2025-04-03,request
U0112,E0054,2025-04-17,request
U0113,E0028,2025-06-03,request
U0113,E0677,2025-05-10,provisioning
U0114,E0171,2025-05-02,request
U0114,E0226,2025-04-20,request
U0114,E0154,2025-06-24,request
U0114,E0363,2025-05-24,provisioning
U0114,E0547,2025-06-14,provisioning
U0115,E0328,2025-07-10,provisioning
U0115,E0133,2025-05-06,request
U0115,E0316,2025-06-08,request
U0115,E0288,2025-07-29,request
U0116,E0410,2025-07-13,request
U0116,E0441,2025-07-04,provisioning
U0117,E0324,2025-06-12,request
U0117,E0659,2025-07-08,request
U0117,E0729,2025-07-26,request
U0117,E0282,2025-05-13,request
U0118,E0292,2025-07-21,provisioning
U0118,E0137,2025-07-19,request
U0118,E0103,2025-05-20,request
U0118,E0543,2025-07-15,request
U0118,E0613,2025-04-12,provisioning
U0118,E0126,2025-04-17,provisioning
U0118,E0400,2025-07-02,request
U0119,E0501,2025-06-12,exception
U0119,E0612,2025-05-05,request
U0119,E0741,2025-04-10,exception
U0120,E0001,2025-04-03,provisioning
U0120,E0012,2025-04-10,request
U0121,E0599,2025-05-05,request
U0121,E0084,2025-05-29,request
U0121,E0141,2025-06-23,request
U0121,E0740,2025-04-05,provisioning
U0122,E0250,2025-04-27,provisioning
U0122,E0340,2025-04-19,request
U0122,E0704,2025-06-27,request
U0122,E0569,2025-05-16,request
U0122,E0604,2025-04-08,provisioning
U0123,E0556,2025-04-07,exception
U0124,E0337,2025-05-06,request
U0125,E0484,2025-04-23,provisioning
U0125,E0550,2025-06-09,exception
U0125,E0234,2025-07-17,provisioning
U0125,E0556,2025-06-11,request
U0125,E0091,2025-06-05,request
U0125,E0414,2025-05-30,request
U0125,E0532,2025-07-22,provisioning
U0125,E0391,2025-05-10,request
U0126,E0500,2025-07-07,request
U0126,E0412,2025-05-02,request
U0126,E0124,2025-05-08,provisioning
U0126,E0225,2025-05-27,request
U0126,E0392,2025-04-18,request
U0126,E0024,2025-06-02,request
U0127,E0344,2025-06-25,exception
U0127,E0656,2025-07-29,exception
U0127,E0487,2025-05-21,request
U0127,E0717,2025-07-22,request
U0127,E0384,2025-05-03,request
U0127,E0260,2025-05-19,request
U0128,E0292,2025-05-07,request
U0129,E0117,2025-05-31,request
U0129,E0319,2025-05-18,request
U0129,E0529,2025-05-18,request
U0129,E0049,2025-06-18,provisioning
U0129,E0565,2025-05-17,request
U0129,E0719,2025-04-24,request
U0130,E0152,2025-05-14,request
U0130,E0368,2025-06-22,request
U0130,E0153,2025-04-26,request
U0130,E0481,2025-05-06,request
U0131,E0049,2025-05-20,request
U0131,E0069,2025-07-15,request
U0131,E0445,2025-04-29,request
U0131,E0148,2025-06-22,request
U0132,E0129,2025-07-06,provisioning
U0132,E0683,2025-04-12,request
U0132,E0615,2025-05-28,request
U0132,E0696,2025-06-29,provisioning
U0132,E0535,2025-06-02,request
U0133,E0212,2025-04-19,request
U0133,E0570,2025-07-09,request
U0133,E0749,2025-07-20,provisioning
U0133,E0065,2025-05-01,provisioning
U0134,E0055,2025-07-25,request
U0134,E0687,2025-05-22,provisioning
U0134,E0606,2025-07-11,request
U0134,E0277,2025-07-07,provisioning
U0134,E0081,2025-05-10,provisioning
U0135,E0456,2025-05-23,request
U0136,E0663,2025-05-01,request
U0136,E0415,2025-06-11,request
U0136,E0396,2025-04-10,request
U0136,E0204,2025-07-29,provisioning
U0136,E0714,2025-04-10,request
U0136,E0241,2025-07-29,provisioning
U0137,E0084,2025-04-12,exception
U0137,E0515,2025-04-29,request
U0137,E0411,2025-06-29,request
U0138,E0708,2025-04-05,request
U0138,E0052,2025-07-04,request
U0138,E0000,2025-07-21,provisioning
U0138,E0025,2025-05-07,request
U0138,E0672,2025-07-15,request
U0138,E0523,2025-07-19,request
U0138,E0601,2025-06-15,request
U0138,E0670,2025-04-03,request
U0139,E0044,2025-06-03,request
U0139,E0698,2025-06-21,request
U0140,E0344,2025-05-15,provisioning
U0140,E0742,2025-06-28,request
U0140,E0443,2025-07-22,request
U0140,E0146,2025-05-08,request
U0140,E0482,2025-06-28,request
U0141,E0717,2025-05-17,request
U0141,E0103,2025-06-30,request
U0141,E0265,2025-06-17,request
U0142,E0266,2025-05-18,request
U0142,E0050,2025-07-25,request
U0142,E0643,2025-05-13,request
U0143,E0274,2025-05-01,provisioning
U0144,E0091,2025-04-06,request
U0144,E0632,2025-07-07,provisioning
U0145,E0545,2025-04-02,request
U0145,E0508,2025-04-01,exception
U0145,E0432,2025-04-30,request
U0145,E0716,2025-06-16,request
U0145,E0197,2025-04-01,provisioning
U0146,E0093,2025-06-22,request
U0146,E0324,2025-07-19,provisioning
U0146,E0368,2025-04-19,request
U0146,E0596,2025-04-09,request
U0146,E0535,2025-04-08,request
U0146,E0262,2025-07-20,request
U0147,E0690,2025-04-24,request
U0147,E0272,2025-05-08,request
U0147,E0660,2025-06-06,exception
U0147,E0613,2025-06-26,request
U0148,E0320,2025-04-05,request
U0148,E0655,2025-07-10,request
U0148,E0343,2025-05-19,request
U0148,E0084,2025-05-27,request
U0149,E0352,2025-04-16,request
U0149,E0570,2025-07-29,request
U0149,E0598,2025-04-22,request
U0149,E0500,2025-05-15,request
U0151,E0186,2025-06-06,exception
U0151,E0322,2025-04-28,request
U0151,E0613,2025-05-02,request
U0151,E0535,2025-05-01,request
U0152,E0434,2025-07-05,provisioning
U0152,E0243,2025-06-25,request
U0152,E0297,2025-07-23,request
U0152,E0200,2025-04-17,request
U0153,E0627,2025-06-19,provisioning
U0153,E0702,2025-05-28,request
U0153,E0112,2025-05-24,request
U0153,E0093,2025-07-07,request
U0154,E0733,2025-05-24,request
U0154,E0394,2025-05-25,request
U0154,E0504,2025-05-17,request
U0154,E0026,2025-06-26,request
U0155,E0082,2025-05-09,request
U0155,E0351,2025-04-03,request
U0155,E0737,2025-06-06,request
U0155,E0729,2025-06-23,request
U0155,E0739,2025-05-26,request
U0156,E0238,2025-06-23,request
U0156,E0022,2025-07-13,provisioning
U0156,E0040,2025-06-26,request
U0156,E0569,2025-07-22,request
U0157,E0010,2025-07-12,provisioning
U0157,E0139,2025-05-13,request
U0157,E0146,2025-06-05,request
U0157,E0276,2025-06-17,provisioning
U0158,E0304,2025-04-22,provisioning
U0158,E0091,2025-05-10,provisioning
U0158,E0068,2025-07-02,request
U0158,E0154,2025-04-25,request
U0159,E0406,2025-05-01,provisioning
U0159,E0176,2025-04-03,request
U0159,E0102,2025-07-09,request
U0160,E0180,2025-07-10,request
U0160,E0026,2025-07-23,request
U0160,E0556,2025-05-27,request
U0160,E0700,2025-05-03,request
U0160,E0427,2025-04-03,provisioning
U0160,E0070,2025-07-13,request
U0160,E0624,2025-06-30,request
U0160,E0283,2025-06-14,request
U0161,E0585,2025-04-14,provisioning
U0161,E0337,2025-06-16,request
U0161,E0551,2025-07-12,request
U0162,E0083,2025-05-27,request
U0162,E0415,2025-04-02,request
U0162,E0674,2025-04-27,request
U0162,E0718,2025-04-21,request
U0163,E0174,2025-04-21,request
U0163,E0109,2025-04-14,request
U0163,E0266,2025-05-03,request
U0163,E0090,2025-04-10,provisioning
U0164,E0066,2025-06-21,request
U0164,E0226,2025-04-27,exception
U0164,E0508,2025-04-12,request
U0165,E0737,2025-07-10,provisioning
U0165,E0001,2025-06-04,provisioning
U0165,E0018,2025-04-03,provisioning
U0166,E0114,2025-06-15,request
U0166,E0143,2025-04-14,request
U0166,E0322,2025-04-03,request
U0166,E0303,2025-07-20,provisioning
U0166,E0498,2025-06-18,request
U0166,E0169,2025-05-27,provisioning
U0166,E0137,2025-06-16,provisioning
U0166,E0193,2025-06-11,request
U0167,E0293,2025-06-21,request
U0167,E0631,2025-06-19,provisioning
U0167,E0716,2025-06-26,provisioning
U0168,E0405,2025-05-01,request
U0168,E0558,2025-05-16,provisioning
U0168,E0038,2025-04-16,exception
U0168,E0720,2025-05-03,request
U0169,E0007,2025-06-08,request
U0169,E0293,2025-05-30,request
U0169,E0534,2025-05-03,provisioning
U0169,E0122,2025-06-09,request
U0169,E0061,2025-05-29,request
U0169,E0381,2025-05-10,request
U0169,E0442,2025-04-05,request
U0170,E0198,2025-04-14,request
U0170,E0238,2025-05-04,request
U0170,E0347,2025-06-19,request
U0170,E0624,2025-05-19,request
U0170,E0657,2025-07-20,request
U0171,E0684,2025-06-06,provisioning
U0171,E0044,2025-07-02,request
U0171,E0457,2025-06-04,request
U0171,E0381,2025-04-16,request
U0172,E0541,2025-07-13,provisioning
U0172,E0702,2025-07-29,provisioning
U0173,E0661,2025-04-30,request
U0173,E0641,2025-07-15,request
U0174,E0493,2025-06-11,request
U0174,E0602,2025-04-23,request
U0174,E0681,2025-05-25,provisioning
U0175,E0274,2025-04-08,provisioning
U0175,E0702,2025-05-03,request
U0177,E0303,2025-07-22,request
U0177,E0625,2025-04-21,request
U0177,E0428,2025-07-07,request
U0177,E0086,2025-06-01,request
U0177,E0354,2025-07-23,request
U0178,E0106,2025-07-13,request
U0178,E0213,2025-06-04,provisioning
U0178,E0032,2025-04-21,request
U0178,E0265,2025-05-04,request
U0178,E0392,2025-07-05,request
U0179,E0305,2025-06-03,request
U0179,E0710,2025-06-05,provisioning
U0179,E0172,2025-06-24,request
U0180,E0026,2025-07-19,request
U0180,E0676,2025-05-03,request
U0180,E0203,2025-06-28,request
U0180,E0272,2025-05-17,request
U0181,E0587,2025-04-30,request
U0181,E0035,2025-04-14,request
U0181,E0622,2025-06-09,request
U0181,E0059,2025-06-09,request
U0181,E0177,2025-05-28,request
U0182,E0023,2025-04-07,request
U0182,E0566,2025-06-29,request
U0182,E0073,2025-05-14,request
U0182,E0065,2025-07-20,provisioning
U0182,E0494,2025-05-28,request
U0182,E0518,2025-05-07,request
U0183,E0226,2025-04-15,request
U0183,E0126,2025-06-28,provisioning
U0183,E0322,2025-05-09,request
U0183,E0670,2025-04-05,request
U0184,E0547,2025-06-18,provisioning
U0184,E0666,2025-06-02,provisioning
U0184,E0280,2025-07-20,request
U0184,E0323,2025-07-25,provisioning
U0184,E0239,2025-04-15,request
U0184,E0222,2025-05-03,request
U0185,E0737,2025-06-15,request
U0185,E0465,2025-07-03,request
U0185,E0502,2025-05-03,request
U0185,E0545,2025-04-03,request
U0186,E0488,2025-05-24,request
U0186,E0372,2025-04-05,request
U0186,E0141,2025-07-01,provisioning
U0186,E0263,2025-05-22,request
U0186,E0193,2025-07-14,request
U0187,E0578,2025-05-14,exception
U0187,E0557,2025-05-22,request
U0187,E0408,2025-05-26,provisioning
U0187,E0424,2025-04-16,provisioning
U0187,E0600,2025-04-30,request
U0187,E0458,2025-05-29,request
U0187,E0536,2025-05-17,request
U0187,E0025,2025-07-12,exception
U0188,E0227,2025-04-08,request
U0189,E0197,2025-04-30,request
U0189,E0368,2025-07-10,request
U0189,E0678,2025-05-25,request
U0189,E0422,2025-07-23,request
U0189,E0588,2025-05-21,provisioning
U0189,E0096,2025-06-29,exception
U0191,E0508,2025-07-28,request
U0191,E0212,2025-06-09,request
U0191,E0391,2025-05-01,request
U0191,E0373,2025-04-01,request
U0192,E0076,2025-04-11,request
U0192,E0104,2025-07-01,request
U0192,E0012,2025-04-11,provisioning
U0192,E0613,2025-07-27,request
U0192,E0079,2025-06-30,request
U0192,E0122,2025-05-30,exception
U0193,E0169,2025-07-17,provisioning
U0193,E0721,2025-04-19,request
U0193,E0581,2025-07-02,request
U0193,E0637,2025-06-28,provisioning
U0194,E0559,2025-06-03,request
U0194,E0576,2025-04-28,request
U0196,E0742,2025-06-17,request
U0196,E0521,2025-04-26,request
U0196,E0701,2025-07-10,request
U0196,E0393,2025-04-02,request
U0196,E0478,2025-07-10,request
U0196,E0261,2025-06-28,request
U0197,E0428,2025-05-12,request
U0197,E0421,2025-04-09,provisioning
U0197,E0133,2025-04-20,provisioning
U0197,E0039,2025-04-26,exception
U0197,E0535,2025-05-31,request
U0198,E0415,2025-04-15,request
U0198,E0508,2025-06-21,request
U0199,E0375,2025-05-05,request
U0199,E0275,2025-04-25,provisioning
U0199,E0289,2025-06-10,request
U0199,E0241,2025-06-09,request
U0199,E0095,2025-06-02,provisioning
U0201,E0365,2025-06-07,request
U0201,E0675,2025-05-24,request
U0201,E0248,2025-07-01,request
U0201,E0694,2025-07-13,request
U0202,E0320,2025-07-27,request
U0202,E0242,2025-05-04,request
U0203,E0694,2025-04-01,request
U0203,E0200,2025-07-04,provisioning
U0203,E0179,2025-06-03,request
U0204,E0639,2025-06-08,request
U0205,E0383,2025-06-06,request
U0205,E0456,2025-06-12,request
U0205,E0363,2025-05-14,request
U0205,E0195,2025-05-31,request
U0205,E0628,2025-05-10,request
U0205,E0687,2025-06-04,provisioning
U0206,E0210,2025-04-10,request
U0206,E0578,2025-04-30,request
U0206,E0566,2025-05-24,provisioning
U0207,E0664,2025-06-08,request
U0207,E0090,2025-06-12,request
U0208,E0214,2025-05-18,request
U0208,E0529,2025-05-23,request
U0208,E0333,2025-06-29,request
U0208,E0014,2025-06-17,provisioning
U0209,E0467,2025-04-13,provisioning
U0209,E0565,2025-04-07,request
U0209,E0239,2025-07-13,provisioning
U0209,E0082,2025-04-29,provisioning
U0209,E0323,2025-07-13,request
U0210,E0621,2025-04-20,exception
U0210,E0438,2025-07-07,provisioning
U0210,E0293,2025-05-25,provisioning
U0210,E0177,2025-04-21,provisioning
U0210,E0482,2025-06-18,request
U0210,E0735,2025-04-17,request
U0210,E0593,2025-06-04,request
U0210,E0436,2025-05-11,exception
U0211,E0642,2025-05-18,request
U0211,E0226,2025-07-12,request
U0211,E0329,2025-07-23,exception
U0211,E0271,2025-05-18,request
U0211,E0485,2025-07-25,request
U0212,E0445,2025-06-18,request
U0212,E0467,2025-07-15,request
U0212,E0168,2025-07-09,request
U0213,E0201,2025-06-16,request
U0213,E0531,2025-07-23,request
U0213,E0500,2025-06-15,request
U0213,E0306,2025-04-22,request
U0213,E0727,2025-04-30,request
U0214,E0173,2025-04-22,provisioning
U0214,E0532,2025-06-14,request
U0215,E0297,2025-06-19,provisioning
U0215,E0293,2025-05-29,request
U0215,E0347,2025-07-28,provisioning
U0215,E0578,2025-05-13,request
U0216,E0382,2025-05-12,request
U0216,E0069,2025-06-24,provisioning
U0216,E0310,2025-05-08,request
U0216,E0280,2025-06-24,request
U0216,E0059,2025-06-23,request
U0217,E0157,2025-04-04,provisioning
U0217,E0546,2025-05-20,request
U0217,E0179,2025-06-22,request
U0218,E0426,2025-05-27,provisioning
U0218,E0690,2025-05-10,request
U0218,E0361,2025-07-19,provisioning
U0219,E0403,2025-05-20,exception
U0219,E0322,2025-04-15,provisioning
U0219,E0587,2025-04-19,request
U0219,E0122,2025-07-19,exception
U0219,E0552,2025-05-31,request
U0219,E0293,2025-05-11,request
U0219,E0035,2025-05-23,exception
U0220,E0580,2025-05-08,request
U0221,E0655,2025-06-13,exception
U0221,E0703,2025-05-18,request
U0221,E0191,2025-06-05,request
U0221,E0704,2025-07-18,provisioning
U0221,E0593,2025-04-20,provisioning
U0221,E0749,2025-07-27,request
U0222,E0346,2025-07-03,request
U0222,E0269,2025-04-19,request
U0222,E0481,2025-06-20,request
U0222,E0380,2025-07-11,provisioning
U0222,E0279,2025-04-28,request
U0222,E0263,2025-04-26,provisioning
U0223,E0277,2025-05-22,provisioning
U0223,E0496,2025-06-12,request
U0223,E0008,2025-05-20,provisioning
U0223,E0061,2025-04-17,provisioning
U0223,E0001,2025-06-07,request
U0224,E0326,2025-04-25,request
U0224,E0295,2025-06-16,request
U0224,E0495,2025-07-02,request
U0225,E0112,2025-05-24,request
U0225,E0396,2025-07-25,request
U0225,E0671,2025-04-06,request
U0225,E0124,2025-07-24,provisioning
U0225,E0184,2025-05-10,provisioning
U0226,E0643,2025-05-08,exception
U0226,E0275,2025-07-19,provisioning
U0226,E0385,2025-07-26,provisioning
U0226,E0534,2025-04-22,exception
U0226,E0200,2025-04-19,provisioning
U0227,E0541,2025-06-30,request
U0227,E0666,2025-04-13,request
U0227,E0047,2025-05-27,request
U0227,E0493,2025-05-18,request
U0227,E0534,2025-05-23,provisioning
U0227,E0587,2025-06-04,exception
U0227,E0278,2025-04-05,request
U0227,E0086,2025-07-17,request
U0228,E0271,2025-04-10,request
U0228,E0080,2025-07-19,request
U0228,E0525,2025-07-19,request
U0228,E0373,2025-05-15,request
U0229,E0071,2025-04-25,request
U0229,E0353,2025-04-18,exception
U0229,E0716,2025-04-20,provisioning
U0229,E0129,2025-07-04,provisioning
U0229,E0728,2025-06-09,request
U0229,E0370,2025-07-20,request
U0230,E0049,2025-05-05,request
U0230,E0354,2025-05-06,request
U0230,E0578,2025-06-03,request
U0230,E0626,2025-05-09,request
U0230,E0061,2025-06-04,provisioning
U0231,E0575,2025-05-09,provisioning
U0231,E0545,2025-05-25,provisioning
U0232,E0030,2025-07-09,request
U0232,E0720,2025-06-04,request
U0232,E0308,2025-05-08,request
U0232,E0605,2025-06-12,request
U0232,E0672,2025-06-09,request
U0232,E0449,2025-05-06,request
U0232,E0419,2025-05-05,request
U0233,E0162,2025-05-08,request
U0233,E0677,2025-06-06,request
U0233,E0291,2025-06-28,request
U0234,E0046,2025-04-04,request
U0234,E0120,2025-07-22,request
U0234,E0687,2025-06-12,provisioning
U0234,E0207,2025-07-17,request
U0234,E0429,2025-04-06,request
U0235,E0084,2025-05-29,request
U0235,E0478,2025-07-06,request
U0235,E0006,2025-05-14,request
U0235,E0176,2025-05-14,provisioning
U0236,E0428,2025-05-15,request
U0236,E0106,2025-07-14,request
U0236,E0654,2025-04-05,request
U0237,E0357,2025-05-20,request
U0238,E0538,2025-04-16,request
U0238,E0509,2025-06-25,exception
U0238,E0616,2025-07-25,request
U0238,E0053,2025-05-29,provisioning
U0239,E0108,2025-06-20,request
U0239,E0674,2025-06-13,request
U0239,E0008,2025-07-05,request
U0239,E0720,2025-06-25,request
U0240,E0466,2025-06-26,request
U0240,E0578,2025-05-24,request
U0240,E0007,2025-06-09,request
U0241,E0048,2025-06-13,exception
U0241,E0692,2025-04-16,provisioning
U0241,E0131,2025-07-18,request
U0242,E0183,2025-04-04,request
U0243,E0295,2025-07-29,request
U0243,E0724,2025-04-30,request
U0243,E0530,2025-07-11,request
U0243,E0399,2025-04-27,request
U0243,E0047,2025-07-21,exception
U0243,E0085,2025-04-13,request
U0244,E0322,2025-04-14,provisioning
U0244,E0720,2025-05-09,request
U0244,E0498,2025-06-23,exception
U0244,E0457,2025-04-29,request
U0245,E0719,2025-04-24,provisioning
U0246,E0251,2025-04-14,request
U0246,E0730,2025-06-13,provisioning
U0246,E0683,2025-07-08,provisioning
U0247,E0519,2025-06-01,request
U0248,E0296,2025-07-24,request
U0248,E0535,2025-04-19,request
U0248,E0563,2025-06-08,request
U0248,E0638,2025-04-05,request
U0248,E0566,2025-06-07,request
U0248,E0269,2025-05-08,request
U0248,E0410,2025-06-24,request
U0248,E0512,2025-04-24,request
U0249,E0588,2025-04-19,request
U0250,E0480,2025-06-01,request
U0250,E0539,2025-06-23,request
U0251,E0278,2025-05-14,exception
U0251,E0459,2025-07-24,request
U0251,E0199,2025-04-22,request
U0252,E0089,2025-05-29,request
U0252,E0541,2025-04-15,request
U0252,E0743,2025-07-18,request
U0253,E0179,2025-04-05,request
U0253,E0076,2025-05-02,request
U0253,E0550,2025-05-26,request
U0253,E0026,2025-04-03,request
U0254,E0356,2025-06-03,provisioning
U0254,E0470,2025-06-10,request
U0254,E0557,2025-06-07,request
U0254,E0240,2025-05-26,request
U0255,E0116,2025-04-26,request
U0255,E0387,2025-04-01,request
U0255,E0451,2025-04-10,request
U0255,E0400,2025-04-05,provisioning
U0255,E0409,2025-06-21,request
U0256,E0435,2025-05-12,request
U0256,E0644,2025-05-03,request
U0256,E0425,2025-06-01,provisioning
U0257,E0592,2025-06-20,request
U0257,E0370,2025-05-08,request
U0258,E0547,2025-07-13,request
U0258,E0700,2025-07-23,provisioning
U0258,E0080,2025-06-24,provisioning
U0258,E0095,2025-04-22,request
U0258,E0323,2025-04-20,provisioning
U0259,E0017,2025-06-23,request
U0259,E0551,2025-04-05,provisioning
U0259,E0506,2025-05-02,request
U0260,E0119,2025-04-22,request
U0260,E0204,2025-05-19,request
U0260,E0044,2025-04-19,request
U0260,E0664,2025-07-07,request
U0260,E0534,2025-05-22,request
U0261,E0503,2025-04-19,request
U0261,E0717,2025-07-22,request
U0261,E0366,2025-07-25,request
U0262,E0504,2025-05-30,request
U0262,E0072,2025-05-11,request
U0262,E0530,2025-05-29,request
U0263,E0188,2025-06-01,request
U0263,E0368,2025-07-20,request
U0263,E0602,2025-04-08,provisioning
U0263,E0302,2025-04-24,request
U0263,E0504,2025-05-10,provisioning
U0264,E0033,2025-04-30,request
U0264,E0045,2025-07-18,request
U0264,E0066,2025-07-16,request
U0264,E0258,2025-06-23,request
U0264,E0403,2025-07-13,request
U0265,E0030,2025-04-06,request
U0265,E0730,2025-05-25,request
U0265,E0347,2025-07-08,request
U0265,E0560,2025-04-06,provisioning
U0266,E0531,2025-06-19,provisioning
U0266,E0739,2025-07-10,provisioning
U0266,E0667,2025-06-24,request
U0266,E0522,2025-04-02,request
U0266,E0710,2025-04-26,request
U0266,E0506,2025-07-01,request
U0267,E0101,2025-06-13,request
U0267,E0411,2025-07-15,request
U0267,E0497,2025-04-01,request
U0267,E0142,2025-07-06,request
U0267,E0372,2025-07-11,provisioning
U0268,E0400,2025-07-06,request
U0268,E0504,2025-07-25,request
U0268,E0483,2025-04-12,request
U0268,E0101,2025-04-24,request
U0268,E0601,2025-06-29,exception
U0269,E0454,2025-06-29,request
U0269,E0583,2025-07-29,provisioning
U0269,E0537,2025-04-07,provisioning
U0269,E0696,2025-06-15,request
U0269,E0386,2025-04-04,provisioning
U0269,E0173,2025-04-03,provisioning
U0270,E0689,2025-05-13,request
U0271,E0359,2025-05-31,request
U0271,E0139,2025-07-27,request
U0271,E0498,2025-05-31,exception
U0271,E0569,2025-06-09,request
U0271,E0391,2025-04-05,provisioning
U0271,E0446,2025-07-07,provisioning
U0271,E0015,2025-05-22,request
U0271,E0203,2025-05-03,exception
U0271,E0288,2025-05-13,provisioning
U0272,E0404,2025-04-23,request
U0273,E0018,2025-05-12,request
U0273,E0139,2025-04-19,request
U0273,E0395,2025-04-28,request
U0273,E0006,2025-04-16,request
U0274,E0648,2025-04-01,request
U0274,E0096,2025-07-18,request
U0274,E0006,2025-05-06,request
U0274,E0349,2025-07-03,request
U0274,E0293,2025-05-11,provisioning
U0274,E0231,2025-06-10,provisioning
U0274,E0285,2025-04-30,request
U0274,E0649,2025-06-25,request
U0275,E0487,2025-05-31,request
U0276,E0498,2025-06-04,provisioning
U0276,E0624,2025-05-18,request
U0276,E0064,2025-05-19,provisioning
U0276,E0408,2025-05-06,request
U0277,E0419,2025-07-08,request
U0277,E0057,2025-06-21,request
U0278,E0465,2025-06-16,provisioning
U0278,E0003,2025-07-20,request
U0279,E0179,2025-06-05,exception
U0279,E0030,2025-06-24,provisioning
U0280,E0416,2025-05-16,request
U0280,E0599,2025-06-26,exception
U0280,E0576,2025-07-22,request
U0280,E0699,2025-05-07,provisioning
U0281,E0006,2025-05-09,request
U0281,E0092,2025-05-21,provisioning
U0281,E0222,2025-07-21,request
U0282,E0353,2025-04-14,request
U0282,E0685,2025-06-15,exception
U0282,E0560,2025-06-26,request
U0282,E0287,2025-06-08,request
U0283,E0649,2025-06-06,request
U0283,E0012,2025-04-30,provisioning
U0283,E0456,2025-06-12,request
U0283,E0500,2025-04-27,provisioning
U0283,E0572,2025-05-31,request
U0284,E0516,2025-07-14,provisioning
U0284,E0626,2025-05-08,request
U0284,E0281,2025-05-22,request
U0284,E0001,2025-05-24,request
U0284,E0463,2025-04-26,request
U0284,E0243,2025-05-29,request
U0284,E0487,2025-06-29,request
U0284,E0180,2025-06-12,request
U0284,E0692,2025-07-27,provisioning
U0285,E0018,2025-05-05,provisioning
U0285,E0503,2025-04-13,provisioning
U0285,E0034,2025-07-08,request
U0285,E0518,2025-06-09,request
U0285,E0019,2025-05-12,request
U0286,E0619,2025-06-22,provisioning
U0286,E0328,2025-07-09,request
U0286,E0277,2025-07-15,provisioning
U0287,E0064,2025-06-19,provisioning
U0287,E0251,2025-05-06,request
U0287,E0346,2025-06-29,request
U0287,E0521,2025-05-13,exception
U0287,E0444,2025-07-04,request
U0287,E0113,2025-07-25,request
U0287,E0667,2025-04-18,provisioning
U0288,E0283,2025-05-29,request
U0288,E0090,2025-07-18,provisioning
U0288,E0735,2025-04-12,request
U0288,E0615,2025-07-20,request
U0289,E0239,2025-07-02,request
U0289,E0216,2025-06-10,provisioning
U0289,E0481,2025-05-30,request
U0290,E0239,2025-05-21,request
U0290,E0538,2025-06-05,provisioning
U0291,E0289,2025-06-04,request
U0291,E0133,2025-05-26,request
U0291,E0579,2025-06-15,request
U0291,E0318,2025-06-19,request
U0291,E0639,2025-06-15,request
U0291,E0211,2025-04-02,request
U0291,E0310,2025-05-28,request
U0292,E0045,2025-07-11,request
U0292,E0494,2025-05-06,request
U0292,E0507,2025-07-06,exception
U0292,E0138,2025-04-22,request
U0292,E0648,2025-06-19,provisioning
U0293,E0624,2025-07-26,request
U0293,E0539,2025-07-05,request
U0293,E0352,2025-05-18,provisioning
U0293,E0166,2025-04-23,request
U0295,E0266,2025-05-20,request
U0295,E0535,2025-04-24,request
U0295,E0182,2025-06-25,request
U0295,E0072,2025-04-16,provisioning
U0295,E0399,2025-04-10,request
U0295,E0302,2025-04-25,provisioning
U0295,E0627,2025-04-03,request
U0296,E0315,2025-05-10,provisioning
U0297,E0677,2025-04-07,provisioning
U0297,E0120,2025-04-25,request
U0298,E0333,2025-07-25,request
U0298,E0559,2025-05-19,provisioning
U0298,E0079,2025-06-25,request
U0298,E0420,2025-06-20,request
U0298,E0651,2025-06-11,exception
U0299,E0253,2025-04-24,request
U0299,E0599,2025-07-28,request
U0299,E0434,2025-06-24,provisioning
U0299,E0683,2025-05-22,request
U0299,E0107,2025-04-24,request
U0299,E0653,2025-04-04,provisioning
